[
    {
        "Name": "PAYOUT -2",
        "Payment": "Payment Out",
        "Reference": "#25689825",
        "Created": "16 Aug 2023, 06:12 PM",
        "ClassMode": "badge bg-success-light",
        "Mode": "Cash",
        "ClassAmount": "text-danger-light",
        "Amount": "-$100",
        "ClosingBalance": "$400"
    },
    {
        "Name": "PAYIN -2",
        "Payment": "Payment In",
        "Reference": "#25689826",
        "Created": "14 Aug 2023, 04:07 PM",
        "ClassMode": "badge bg-success-light",
        "Mode": "Cash",
        "ClassAmount": "text-success-light",
        "Amount": "+$200",
        "ClosingBalance": "$500"
    },
    {
        "Name": "PAYOUT -1",
        "Payment": "Payment Out",
        "Reference": "#25689827",
        "Created": "13 Aug 2023, 01:15 PM",
        "ClassMode": "badge bg-success-light",
        "Mode": "Cash",
        "ClassAmount": "text-danger-light",
        "Amount": "-$200",
        "ClosingBalance": "$300"
    },
    {
        "Name": "PAYIN -1",
        "Payment": "Payment In",
        "Reference": "#25689828",
        "Created": "12 Aug 2023, 08:35 PM",
        "ClassMode": "badge bg-success-light",
        "Mode": "Cash",
        "ClassAmount": "text-success-light",
        "Amount": "+$500",
        "ClosingBalance": "$500"
    }
]