[
    {
        "Id": "1",
        "PurchaseID": "#4905681",
        "Vendor": "John Smith",
        "Phone": "+1 843-443-3282",
        "Amount": "$1,54,220",
        "PaymentMode": "Cash",
        "Date": "19 Dec 2023, 06:12 PM",
        "Status": "Paid",
        "Class": "badge bg-success-light text-success-light",
        "Image": "avatar-14.jpg"
    },
    {
        "Id": "2",
        "PurchaseID": "#4905682",
        "Vendor": "Johnny",
        "Phone": " +1 917-409-0861",
        "Amount": "$2,54,220",
        "PaymentMode": "Cheque",
        "Date": "20 Nov 2023, 04:12 PM",
        "Status": "Pending",
        "Class": "badge bg-warning-light text-warning-light",
        "Image": "avatar-15.jpg"
    },
    {
        "Id": "3",
        "PurchaseID": "#4905683",
        "Vendor": "Robert",
        "Phone": " +1 956-623-2880",
        "Amount": "$1,84,220",
        "PaymentMode": "Cash",
        "Date": "21 Oct 2023, 07:12 AM",
        "Status": "Cancelled",
        "Class": "badge bg-danger-light",
        "Image": "avatar-16.jpg"
    },
    {
        "Id": "4",
        "PurchaseID": "#4905684",
        "Vendor": "Sharonda",
        "Phone": " +1 707-439-1732",
        "Amount": "$6,54,220",
        "PaymentMode": "Cheque",
        "Date": "19 Sep 2023, 11:12 AM",
        "Status": "Paid",
        "Class": "badge bg-success-light text-success-light",
        "Image": "avatar-17.jpg"
    },
    {
        "Id": "5",
        "PurchaseID": "#4905685",
        "Vendor": "Randall",
        "Phone": " +1 559-741-9672",
        "Amount": "$3,54,220",
        "PaymentMode": "Cash",
        "Date": "13 Nov 2023, 01:12 PM",
        "Status": "Pending",
        "Class": "badge bg-warning-light text-warning-light",
        "Image": "avatar-18.jpg"
    },
    {
        "Id": "6",
        "PurchaseID": "#4905686",
        "Vendor": "Pricilla",
        "Phone": " +1 989-438-3131",
        "Amount": "$1,54,220",
        "PaymentMode": "Cheque",
        "Date": "19 Dec 2023, 06:12 PM",
        "Status": "Cancelled",
        "Class": "badge bg-danger-light",
        "Image": "avatar-19.jpg"
    }
]