[
    {
        "title": "Support for theme",
        "status": "Resolved",
        "timestamp": "Just Now",
        "description": "Lorem ipsum dolor sit amet, consectetur adipiscing elit, sed eiusmod tempor incididunt labore dolore magna aliqua. Ut enim minim veniam, nostrud exercitation ullamco laboris nisi ut aliquip ex commodo consequat. Duis aute non proident, sunt in culpa qui officia deserunt mollit anim id est laborum.",
        "priortiyclass":"badge bg-warning-light text-warning-light me-2",
        "priority": "Medium",
        "ticket_number": "#4987",
        "class": "badge  bg-success-light ms-3",
        "message_count": 3
    },
    {
        "title": "Verify your email",
        "status": "Pending",
        "timestamp": "Just Now",
        "description": "Lorem ipsum dolor sit amet, consectetur adipiscing elit, sed eiusmod tempor incididunt labore dolore magna aliqua. Ut enim minim veniam, nostrud exercitation ullamco laboris nisi ut aliquip ex commodo consequat. Duis aute non proident, sunt in culpa qui officia deserunt mollit anim id est laborum.",
        "priortiyclass":"badge bg-danger-light text-danger-light me-2",
        "priority": "High",
        "ticket_number": "#4987",
        "class": "badge bg-warning-light text-warning-light ms-3",
        "message_count": 3
    },
    {
        "title": "Calling for help",
        "status": "Open",
        "timestamp": "Just Now",
        "description": "Lorem ipsum dolor sit amet, consectetur adipiscing elit, sed eiusmod tempor incididunt labore dolore magna aliqua. Ut enim minim veniam, nostrud exercitation ullamco laboris nisi ut aliquip ex commodo consequat. Duis aute non proident, sunt in culpa qui officia deserunt mollit anim id est laborum.",
        "priortiyclass":"badge bg-primary-light me-2",
        "priority": "Low",
        "ticket_number": "#4987",
        "class": "badge bg-danger-light text-danger-light ms-3",
        "message_count": 3
    },
    {
        "title": "Management",
        "status": "Closed",
        "timestamp": "Just Now",
        "description": "Lorem ipsum dolor sit amet, consectetur adipiscing elit, sed eiusmod tempor incididunt labore dolore magna aliqua. Ut enim minim veniam, nostrud exercitation ullamco laboris nisi ut aliquip ex commodo consequat. Duis aute non proident, sunt in culpa qui officia deserunt mollit anim id est laborum.",
        "priortiyclass":"badge bg-warning-light text-warning-light me-2",
        "priority": "Medium",
        "ticket_number": "#4987",
        "class": "badge bg-light-gray text-secondary ms-3",
        "message_count": 3
    }
]