[
    {
       "Id":"31",
       "Month":"AUG",
       "Post":"Advertising",
       "Posttitle":"Alex Campbell",
       "Blogtitle":" Lorem Ipsum es simplemente el texto de relleno de las imprentas y archivos de texto.",
       "Blogtitle1":"Lorem ipsum dolor sit amet, consectetur em adipiscing elit, sed do eiusmod tempor.",
       "Image":"blog-1.jpg",
       "Image1":"avatar-12.jpg"
    },
    {
        "Id":"30",
        "Month":"May",
        "Post":"Advertising",
        "Posttitle":"Barbara Moore",
        "Blogtitle":"Lorem Ipsum es simplemente el texto de relleno de las imprentas y archivos de texto.",
        "Blogtitle1":"Lorem ipsum dolor sit amet, consectetur em adipiscing elit, sed do eiusmod tempor.",
        "Image":"blog-2.jpg",
        "Image1":"avatar-04.jpg"
     },
     {
        "Id":"29",
        "Month":"Jan",
        "Post":"Advertising",
        "Posttitle":"Brian Johnson",
        "Blogtitle":"Lorem Ipsum es simplemente el texto de relleno de las imprentas y archivos de texto.",
        "Blogtitle1":"Lorem ipsum dolor sit amet, consectetur em adipiscing elit, sed do eiusmod tempor.",
        "Image":"blog-3.jpg",
        "Image1":"avatar-02.jpg"
     },
     {
        "Id":"10",
        "Month":"AUG",
        "Post":"Advertising",
        "Posttitle":"Greg Lynch",
        "Blogtitle":" Lorem Ipsum es simplemente el texto de relleno de las imprentas y archivos de texto.",
        "Blogtitle1":"Lorem ipsum dolor sit amet, consectetur em adipiscing elit, sed do eiusmod tempor.",
        "Image":"blog-4.jpg",
        "Image1":"avatar-05.jpg"
     },
     {
        "Id":"11",
        "Month":"FEB",
        "Post":"Advertising",
        "Posttitle":"Jennifer Floyd",
        "Blogtitle":" Lorem Ipsum es simplemente el texto de relleno de las imprentas y archivos de texto.",
        "Blogtitle1":"Lorem ipsum dolor sit amet, consectetur em adipiscing elit, sed do eiusmod tempor.",
        "Image":"blog-5.jpg",
        "Image1":"avatar-11.jpg"
     },
     {
        "Id":"12",
        "Month":"JUN",
        "Post":"Advertising",
        "Posttitle":"Karlene Chaidez",
        "Blogtitle":" Lorem Ipsum es simplemente el texto de relleno de las imprentas y archivos de texto.",
        "Blogtitle1":"Lorem ipsum dolor sit amet, consectetur em adipiscing elit, sed do eiusmod tempor.",
        "Image":"blog-6.jpg",
        "Image1":"avatar-06.jpg"
     }
]