[
    {
        "id": "1",
        "Name": "Orn LLC",
        "avatar": "avatar-14.jpg",
        "email":"orn@example.com",
        "AccountURL": "www.orn.example.com",
        "Package": "-",
        "CreatedOn": "19 Dec 2023, 06:12 PM",
        "Status": {
            "text": "Unsubscribed",
            "class": "bg-subscribe"
        }
    },
    {
        "id": "2",
        "Name": "Accent Technology",
        "avatar": "avatar-15.jpg",
        "email":"accent@example.com",
        "AccountURL": "www.acc.example.com",
        "Package": "-",
        "CreatedOn": "15 Dec 2023, 04:35 PM",
        "Status": {
            "text": "Awaiting Payment",
            "class": "bg-payment"
        }
    },
    {
        "id": "3",
        "Name": "Express Advertising",
        "avatar": "avatar-16.jpg",
        "email":"express@example.com",
        "AccountURL": "www.exp.example.com",
        "Package": "FREE TRIAL",
        "Package_sub":"monthly",
        "CreatedOn": "04 Dec 2023, 12:38 PM",
        "Status": {
            "text": "Active",
            "class": "badge bg-success-light"
        }
    },
    {
        "id": "4",
        "Name": "Lexicon Technologies",
        "avatar": "avatar-17.jpg",
        "email":"lexicon@example.com",
        "AccountURL": "www.lexi.example.com",
        "Package": "ENTERPRISE",
        "Package_sub":"lifetime",
        "CreatedOn": "28 Nov 2023, 03:25 PM",
        "Status": {
            "text": "Active",
            "class": "badge bg-success-light"
        }
    },
    {
        "id": "5",
        "Name": "Sumo Soft Limited",
        "avatar": "avatar-18.jpg",
        "email":"sumo@example.com",
        "AccountURL": "www.sumo.example.com",
        "Package": "-",
        "CreatedOn": "20 Nov 2023, 02:47 PM",
        "Status": {
            "text": "Awaiting Payment",
            "class": "bg-payment"
        }
    },
    {
        "id": "6",
        "Name": "Repair Group Co",
        "avatar": "avatar-19.jpg",
        "email":"repair@example.com",
        "AccountURL": "www.repair.example.com",
        "Package": "-",
        "CreatedOn": "15 Nov 2023, 10:42 AM",
        "Status": {
            "text": "Unsubscribed",
            "class": "bg-subscribe"
        }
    }
]