[
    {
        "Id": "1",
        "CountryCode": "AS",
        "CountryID": "684",
        "CountryName": "American Samoa(+684)",
        "Image": "as.png"
    },
    {
        "Id": "2",
        "CountryCode": "AD",
        "CountryID": "376",
        "CountryName": "Andorra (+376)",
        "Image": "ad.png"
    },
    {
        "Id": "3",
        "CountryCode": "AO",
        "CountryID": "244",
        "CountryName": "Angola (+244)",
        "Image": "ao.png"
    },
    {
        "Id": "4",
        "CountryCode": "AI",
        "CountryID": "1264",
        "CountryName": "Anguilla (+1264)",
        "Image": "ai.png"
    },
    {
        "Id": "5",
        "CountryCode": "AQ",
        "CountryID": "672",
        "CountryName": "Antarctica(+672)",
        "Image": "aq.png"
    },
    {
        "Id": "6",
        "CountryCode": "AQ",
        "CountryID": "1268",
        "CountryName": "Antigua & Barbuda (+1268)",
        "Image": "ag.png"
    }
]