[
	{
		"Id": "1",
		"ChallanID": "#4905681",
		"Customer": "John Smith",
        "Phone": "+1 843-443-3282",
		"Amount": "$1,54,220",
		"CreatedOn": "19 Dec 2023, 06:12 PM",
        "Image":"avatar-14.jpg"
		},
	{
		"Id": "2",
		"ChallanID": "#4905682",
		"Customer": "Johnny",
        "Phone": " +1 917-409-0861",
		"Amount": "$1,222",
		"CreatedOn": "15 Dec 2023, 04:35 PM",
        "Image":"avatar-15.jpg"
		},
	{
		"Id": "3",
		"ChallanID": "#4905683",
		"Customer": "Robert",
        "Phone": " +1 956-623-2880",
		"Amount": "$3,470",
		"CreatedOn": "04 Dec 2023, 12:38 PM",
        "Image":"avatar-16.jpg"
		},
	{
		"Id": "4",
		"ChallanID": "#4905684",
		"Customer": "Sharonda",
        "Phone": " +1 707-439-1732",
		"Amount": "$8,265",
		"CreatedOn": "28 Nov 2023, 03:25 PM",
        "Image":"avatar-17.jpg"
		},
	{
		"Id": "5",
		"ChallanID": "#4905685",
		"Customer": "Pricilla",
        "Phone": " +1 559-741-9672",
		"Amount": "$8,265",
		"CreatedOn": "20 Nov 2023, 02:47 PM",
        "Image":"avatar-18.jpg"
		},
	{
		"Id": "6",
		"ChallanID": "#4905686",
		"Customer": "Randall",
        "Phone": " +1 989-438-3131",
		"Amount": "$7,862",
		"CreatedOn": "15 Nov 2023, 10:42 AM",
        "Image":"avatar-19.jpg"
		}
]