[
	{
		"Id": "1",
		"Company": "Orn LLC",
        "Email": "orn@example.com",
		"Date": "20 Sep 2023",
		"IncomeAmount": "$2000.00",
		"PaymentMethod": "Cash",
        "Image":"avatar-14.jpg"
	},
	{
		"Id": "2",
		"Company": "Accent Technology",
        "Email":"accent@example.com",
		"Date": "15 Sep 2023",
		"IncomeAmount": "$0.00",
		"PaymentMethod": "Cash",
        "Image":"avatar-15.jpg"
	},
	{
		"Id": "3",
		"Company": "Express Advertising",
        "Email":"express@example.com",
		"Date": "10 Sep 2023",
		"IncomeAmount": "$1000.00",
		"PaymentMethod": "Cash",
        "Image":"avatar-16.jpg"
	},
	{
		"Id": "4",
		"Company": "Lexicon Technologies",
        "Email":"lexicon@example.com",
		"Date": "05 Aug 2023",
		"IncomeAmount": "$1500.00",
		"PaymentMethod": "Cash",
        "Image":"avatar-17.jpg"
	},
	{
		"Id": "5",
		"Company": "Sumo Soft Limited",
        "Email":"sumo@example.com",
		"Date": "01 July 2023",
		"IncomeAmount": "$1000.00",
		"PaymentMethod": "Cash",
        "Image":"avatar-18.jpg"
	}
]