[
	{
		"Id": "1",
		"Company": "Orn LLC",
        "Email":"orn@example.com",
		"PaymentReceived": "$2000.00",
		"PaymentSent": "$500.00",
		"NetPayment": "$1500.00",
        "Image":"avatar-14.jpg"
	},
	{
		"Id": "2",
		"Company": "Accent Technology",
        "Email":"accent@example.com",
		"PaymentReceived": "$1000.00",
		"PaymentSent": "$0.00",
		"NetPayment": "$1000.00",
        "Image":"avatar-15.jpg"
	},
	{
		"Id": "3",
		"Company": "Express Advertising",
        "Email":"express@example.com",
		"PaymentReceived": "$200.00",
		"PaymentSent": "$100.00",
		"NetPayment": "$100.00",
        "Image":"avatar-16.jpg"
	},
	{
		"Id": "4",
		"Company": "Lexicon Technologies",
        "Email":"lexicon@example.com",
		"PaymentReceived": "$5000.00",
		"PaymentSent": "$1500.00",
		"NetPayment": "$3500.00",
        "Image":"avatar-17.jpg"
	},
	{
		"Id": "5",
		"Company": "Sumo Soft Limited",
        "Email": "sumo@example.com",
		"PaymentReceived": "$3000.00",
		"PaymentSent": "$1000.00",
		"NetPayment": "$2000.00",
        "Image":"avatar-18.jpg"
	}
]