[
	{
		"Id": "1",
		"TransactionID": "137370531",
		"InvoiceNumber": "#4905681",
		"Customer": "John Smith",
        "Phone":" +1 843-443-3282",
		"Amount": "$1,54,220",
		"Date": "19 Dec 2023, 06:12 PM",
		"PaymentMethod": "Cash",
        "Image":"avatar-14.jpg"
	},
	{
		"Id": "2",
		"TransactionID": "137370532",
		"InvoiceNumber": "#4905682",
		"Customer": "Johnny",
        "Phone":" +1 917-409-0861",
		"Amount": "$2,54,220",
		"Date": "20 Nov 2023, 04:12 PM",
		"PaymentMethod": "Cheque",
        "Image":"avatar-15.jpg"
	},
	{
		"Id": "3",
		"TransactionID": "137370533",
		"InvoiceNumber": "#4905683",
		"Customer": "Robert",
        "Phone": "+1 956-623-2880",
		"Amount": "$3,54,220",
		"Date": "21 Oct 2023, 07:12 AM",
		"PaymentMethod": "Cash",
        "Image":"avatar-16.jpg"
	},
	{
		"Id": "4",
		"TransactionID": "137370534",
		"InvoiceNumber": "#4905684",
		"Customer": "Sharonda",
        "Phone":" +1 707-439-1732",
		"Amount": "$4,54,220",
		"Date": "19 Sep 2023, 11:12 AM",
		"PaymentMethod": "Cheque",
        "Image":"avatar-17.jpg"
	},
	{
		"Id": "5",
		"TransactionID": "137370535",
		"InvoiceNumber": "#4905685",
		"Customer": "Pricilla",
        "Phone":" +1 559-741-9672",
		"Amount": "$5,54,220",
		"Date": "13 Nov 2023, 01:12 PM",
		"PaymentMethod": "Cheque",
        "Image":"avatar-18.jpg"
	},
	{
		"Id": "6",
		"TransactionID": "137370536",
		"InvoiceNumber": "#4905686",
		"Customer": "Randall",
        "Phone":" +1 989-438-3131",
		"Amount": "$4,54,220",
		"Date": "19 Dec 2023, 06:12 PM",
		"PaymentMethod": "Cheque",
        "Image":"avatar-19.jpg"
	}
]