[
    {
        "Id": "1",
        "PurchaseID": "PO-100405361",
        "Vendor": "John Smith",
        "Phone": "+1 843-443-3282",
        "Amount": "$1,54,220",
        "PaymentMode": "Cash",
        "Date": "19 Dec 2023, 06:12 PM",
        "Status": "Closed",
        "Image": "avatar-14.jpg",
        "Class": "badge bg-success-light text-success-light"
    },
    {
        "Id": "2",
        "PurchaseID": "PO-100405362",
        "Vendor": "Johnny ",
        "Phone": "+1 917-409-0861",
        "Amount": "$2,54,220",
        "PaymentMode": "Cheque",
        "Date": "20 Nov 2023, 04:12 PM",
        "Status": "open",
        "Image": "avatar-15.jpg",
        "Class": "badge bg-warning-light text-warning-light"
    },
    {
        "Id": "3",
        "PurchaseID": "PO-100405363",
        "Vendor": "Robert",
        "Phone": "+1 956-623-2880",
        "Amount": "$1,84,220",
        "PaymentMode": "Cash",
        "Date": "21 Oct 2023, 07:12 AM",
        "Status": "Closed",
        "Image": "avatar-16.jpg",
        "Class": "badge bg-success-light text-success-light"
    },
    {
        "Id": "4",
        "PurchaseID": "PO-100405364",
        "Vendor": "Sharonda",
        "Phone": "+1 707-439-1732",
        "Amount": "$6,54,220",
        "PaymentMode": "Cheque",
        "Date": "19 Sep 2023, 11:12 AM",
        "Status": "open",
        "Image": "avatar-17.jpg",
        "Class": "badge bg-warning-light text-warning-light"
    },
    {
        "Id": "5",
        "PurchaseID": "PO-100405365",
        "Vendor": "Randall",
        "Phone": "+1 559-741-9672",
        "Amount": "$3,54,220",
        "PaymentMode": "Cash",
        "Date": "13 Nov 2023, 01:12 PM",
        "Status": "Closed",
        "Image": "avatar-18.jpg",
        "Class": "badge bg-success-light text-success-light"
    },
    {
        "Id": "6",
        "PurchaseID": "PO-100405366",
        "Vendor": "Pricilla",
        "Phone": "+1 989-438-3131",
        "Amount": "$1,54,220",
        "PaymentMode": "Cheque",
        "Date": "19 Dec 2023, 06:12 PM",
        "Status": "open",
        "Image": "avatar-19.jpg",
        "Class": "badge bg-warning-light text-warning-light"
    }
]