{
	"data":[
		{
			"id" : 1,
			"created_on" : "16 Mar 2023",
			"customer_image" : "assets/img/profiles/avatar-10.jpg",
			"customer_name" : "Barbara Moore",
			"amount" : "$118",
			"due_date" : "23 Mar 2023",
			"status" :"0",
			"action" : ""
		},
		{
			"id" : 2,
			"created_on" : "12 Mar 2023",
			"customer_image" : "assets/img/profiles/avatar-12.jpg",
			"customer_name" : "Karlene Chaidez",
			"amount" : "$100",
			"due_date" : "13 Mar 2023",
			"status" :"1",
			"action" : ""
		},
		{
			"id" : 3,
			"category" : "Advertising",
			"created_on" : "14 Mar 2023",
			"customer_image" : "assets/img/profiles/avatar-11.jpg",
			"customer_name" : "Russell Copeland",
			"amount" : "$118",
			"due_date" : "15 Mar 2023",
			"status" :"0",
			"action" : ""
		},
		{
			"id" : 4,
			"invoice_id" : " IN093439#@12",
			"created_on" : "25 Mar 2023",
			"customer_image" : "assets/img/profiles/avatar-02.jpg",
			"customer_name" : "Joseph Collins",
			"amount" : "$110",
			"due_date" : "10 Mar 2023",
			"status" :"2",
			"action" : ""
		},
		{
			"id" : 5,
			"created_on" : "30 Mar 2023",
			"customer_image" : "assets/img/profiles/avatar-04.jpg",
			"customer_name" : "Jennifer Floyd",
			"amount" : "$110",
			"due_date" : "10 Mar 2023",
			"status" :"3",
			"action" : ""
		}
	]
}

