[
    {
        "InvoiceID": "#4987",
        "Category": "Advertising",
        "IssuedOn": "17 Dec 2023",
        "InvoiceTo": "John Smith",
        "Email": "john@example.com",
        "TotalAmount": "$1,54,220",
        "PaidAmount": "$1,50,000",
        "PaymentMode": "Cash",
        "Balance": "$4,220",
        "DueDate": "16 Jan 2023",
        "Status": "Paid",
        "Image": "avatar-14.jpg",
        "Class": "badge bg-success-light"
    },
    {
        "InvoiceID": "#4988",
        "Category": "Food",
        "IssuedOn": "10 Dec 2023",
        "InvoiceTo": "Johnny",
        "Email": " +1 917-409-0861",
        "TotalAmount": "$1,222",
        "PaidAmount": "$2,50,000",
        "PaymentMode": "Cheque",
        "Balance": "$0",
        "DueDate": "-",
        "Status": "Overdue",
        "Image": "avatar-15.jpg",
        "Class": "badge bg-warning-light text-warning"
    },
    {
        "InvoiceID": "#4989",
        "Category": "Marketing",
        "IssuedOn": "28 Nov 2023",
        "InvoiceTo": "Robert",
        "Email": " +1 956-623-2880",
        "TotalAmount": "$3,470",
        "PaidAmount": "$3,000",
        "PaymentMode": "Cash",
        "Balance": "$470",
        "DueDate": "28 Dec 2023",
        "Status": "Cancelled",
        "Image": "avatar-16.jpg",
        "Class": "badge bg-danger-light"
    },
    {
        "InvoiceID": "#4990",
        "Category": "Repairs",
        "IssuedOn": "28 Dec 2023",
        "InvoiceTo": "Sharonda",
        "Email": " +1 707-439-1732",
        "TotalAmount": "$8,265",
        "PaidAmount": "$7,265",
        "PaymentMode": "Cash",
        "Balance": "$1,000",
        "DueDate": "25 Dec 2023",
        "Status": "Paid",
        "Image": "avatar-17.jpg",
        "Class": "badge bg-success-light"
    },
    {
        "InvoiceID": "#4991",
        "Category": "Software",
        "IssuedOn": "22 Nov 2023",
        "InvoiceTo": "Pricilla",
        "Email": " +1 559-741-9672",
        "TotalAmount": "$5,200",
        "PaidAmount": "$3,000",
        "PaymentMode": "Cheque",
        "Balance": "$2,200",
        "DueDate": "16 Dec 2023",
        "Status": "Overdue",
        "Image": "avatar-18.jpg",
        "Class": "badge bg-warning-light text-warning"
    },
    {
        "InvoiceID": "#4992",
        "Category": "Stationary",
        "IssuedOn": "16 Nov 2023",
        "InvoiceTo": "Randall",
        "Email": " +1 989-438-3131",
        "TotalAmount": "$7,862",
        "PaidAmount": "$5,000",
        "PaymentMode": "Cash",
        "Balance": "$2,862",
        "DueDate": "16 Dec 2023",
        "Status": "Cancelled",
        "Image": "avatar-19.jpg",
        "Class": "badge bg-danger-light"
    }
]